{
  "accuracy": 0.9938333333333333,
  "precision": 0.9921880043902124,
  "recall": 0.9958527734577501,
  "f1": 0.9940170110927848,
  "confusion_matrix": [
    [
      14447,
      121
    ],
    [
      64,
      15368
    ]
  ],
  "total_samples": 30000,
  "elapsed_time": 1616.776184797287
}