{
  "overall": {
    "accuracy": 0.872,
    "precision": 0.9848661233993015,
    "recall": 0.8803329864724245,
    "f1": 0.9296703296703297,
    "confusion_matrix": [
      [
        26,
        13
      ],
      [
        115,
        846
      ]
    ]
  },
  "per_domain": {
    "charity": {
      "accuracy": 0.9375,
      "precision": 0.9866666666666667,
      "recall": 0.9487179487179487,
      "f1": 0.9673202614379085,
      "confusion_matrix": [
        [
          2,
          2
        ],
        [
          8,
          148
        ]
      ]
    },
    "crypto": {
      "accuracy": 0.8636363636363636,
      "precision": 0.989247311827957,
      "recall": 0.8679245283018868,
      "f1": 0.9246231155778895,
      "confusion_matrix": [
        [
          6,
          2
        ],
        [
          28,
          184
        ]
      ]
    },
    "investment": {
      "accuracy": 0.85,
      "precision": 1.0,
      "recall": 0.8461538461538461,
      "f1": 0.9166666666666666,
      "confusion_matrix": [
        [
          3,
          0
        ],
        [
          18,
          99
        ]
      ]
    },
    "romance": {
      "accuracy": 0.85,
      "precision": 0.9653179190751445,
      "recall": 0.8743455497382199,
      "f1": 0.9175824175824175,
      "confusion_matrix": [
        [
          3,
          6
        ],
        [
          24,
          167
        ]
      ]
    },
    "tax": {
      "accuracy": 0.875,
      "precision": 1.0,
      "recall": 0.869281045751634,
      "f1": 0.9300699300699301,
      "confusion_matrix": [
        [
          7,
          0
        ],
        [
          20,
          133
        ]
      ]
    },
    "unknown": {
      "accuracy": 0.8571428571428571,
      "precision": 0.9745762711864406,
      "recall": 0.8712121212121212,
      "f1": 0.92,
      "confusion_matrix": [
        [
          5,
          3
        ],
        [
          17,
          115
        ]
      ]
    }
  },
  "comparison": {
    "original_f1": 98.45,
    "cross_domain_f1": 92.96703296703296,
    "generalization_gap": -5.482967032967039
  },
  "total_samples": 1000
}