{
  "train_runtime": 28232.8464,
  "train_samples_per_second": 107.101,
  "train_loss": 0.1653382685661316,
  "epoch": 0.7937137868084768
}