{
  "distinct_n": {
    "distinct_1": 0.06534710610523099,
    "distinct_2": 0.3371207923830306,
    "distinct_3": 0.6113065735295377,
    "fraud": {
      "d1": 0.08264010341418904,
      "d2": 0.3841796696082323,
      "d3": 0.6574853236461734
    },
    "normal": {
      "d1": 0.09421459029618531,
      "d2": 0.402941006194639,
      "d3": 0.6618970063595471
    },
    "pass": true
  },
  "ngram_overlap": {
    "1-gram": {
      "mean": 0.3591512880400536,
      "std": 0.06310869740413884,
      "max": 0.5666666666666667,
      "min": 0.03816793893129771
    },
    "2-gram": {
      "mean": 0.07290757912641273,
      "std": 0.03521971511196565,
      "max": 0.28169014084507044,
      "min": 0.0
    },
    "3-gram": {
      "mean": 0.019554476094959226,
      "std": 0.018564545557549186,
      "max": 0.11214953271028037,
      "min": 0.0
    },
    "pairs_sampled": 1000,
    "pass": true
  },
  "zipf_law": {
    "mse": 1.7860924521315582,
    "slope": -1.1113617032227192,
    "intercept": 10.207980922213768,
    "vocabulary_size": 7699,
    "total_words": 117817,
    "unique_ratio": 0.06534710610523099,
    "pass": false
  }
}