{
  "distinct_1": 0.06534710610523099,
  "distinct_2": 0.3371207923830306,
  "distinct_3": 0.6113065735295377,
  "fraud": {
    "d1": 0.08264010341418904,
    "d2": 0.3841796696082323,
    "d3": 0.6574853236461734
  },
  "normal": {
    "d1": 0.09421459029618531,
    "d2": 0.402941006194639,
    "d3": 0.6618970063595471
  },
  "pass": true
}