{
  "1-gram": {
    "mean": 0.3591512880400536,
    "std": 0.06310869740413884,
    "max": 0.5666666666666667,
    "min": 0.03816793893129771
  },
  "2-gram": {
    "mean": 0.07290757912641273,
    "std": 0.03521971511196565,
    "max": 0.28169014084507044,
    "min": 0.0
  },
  "3-gram": {
    "mean": 0.019554476094959226,
    "std": 0.018564545557549186,
    "max": 0.11214953271028037,
    "min": 0.0
  },
  "pairs_sampled": 1000,
  "pass": true
}