{
  "overall": {
    "classification": {
      "accuracy": 0.799,
      "precision": 0.9773869346733668,
      "recall": 0.809573361082206,
      "f1": 0.8856004553215708,
      "confusion_matrix": [
        [
          21,
          18
        ],
        [
          183,
          778
        ]
      ]
    },
    "early_detection": {
      "total_fraud_cases": 961,
      "detected_fraud_cases": 813,
      "early_detected_cases": 359,
      "early_detection_rate": 37.356919875130075,
      "mean_detection_time": 66.1469864698647,
      "median_detection_time": 60.0,
      "mean_detection_latency": 14.302939729397295,
      "median_detection_latency": 8.0
    }
  },
  "per_domain": {
    "charity": {
      "classification": {
        "accuracy": 0.88125,
        "precision": 0.9790209790209791,
        "recall": 0.8974358974358975,
        "f1": 0.9364548494983278,
        "confusion_matrix": [
          [
            1,
            3
          ],
          [
            16,
            140
          ]
        ]
      },
      "early_detection": {
        "total_fraud_cases": 156,
        "detected_fraud_cases": 144,
        "early_detected_cases": 70,
        "early_detection_rate": 44.871794871794876,
        "mean_detection_time": 63.01458333333332,
        "median_detection_time": 50.0,
        "mean_detection_latency": 9.684027777777779,
        "median_detection_latency": 3.849999999999998
      }
    },
    "crypto": {
      "classification": {
        "accuracy": 0.7772727272727272,
        "precision": 0.9880239520958084,
        "recall": 0.7783018867924528,
        "f1": 0.8707124010554089,
        "confusion_matrix": [
          [
            6,
            2
          ],
          [
            47,
            165
          ]
        ]
      },
      "early_detection": {
        "total_fraud_cases": 212,
        "detected_fraud_cases": 166,
        "early_detected_cases": 64,
        "early_detection_rate": 30.18867924528302,
        "mean_detection_time": 71.8379518072289,
        "median_detection_time": 70.0,
        "mean_detection_latency": 21.674698795180724,
        "median_detection_latency": 18.800000000000004
      }
    },
    "investment": {
      "classification": {
        "accuracy": 0.8166666666666667,
        "precision": 0.9896907216494846,
        "recall": 0.8205128205128205,
        "f1": 0.897196261682243,
        "confusion_matrix": [
          [
            2,
            1
          ],
          [
            21,
            96
          ]
        ]
      },
      "early_detection": {
        "total_fraud_cases": 117,
        "detected_fraud_cases": 98,
        "early_detected_cases": 25,
        "early_detection_rate": 21.367521367521366,
        "mean_detection_time": 90.10204081632654,
        "median_detection_time": 92.75,
        "mean_detection_latency": 38.09081632653061,
        "median_detection_latency": 39.550000000000004
      }
    },
    "romance": {
      "classification": {
        "accuracy": 0.785,
        "precision": 0.9683544303797469,
        "recall": 0.8010471204188482,
        "f1": 0.8767908309455588,
        "confusion_matrix": [
          [
            4,
            5
          ],
          [
            38,
            153
          ]
        ]
      },
      "early_detection": {
        "total_fraud_cases": 191,
        "detected_fraud_cases": 163,
        "early_detected_cases": 86,
        "early_detection_rate": 45.0261780104712,
        "mean_detection_time": 56.826380368098164,
        "median_detection_time": 40.0,
        "mean_detection_latency": 0.4484662576687119,
        "median_detection_latency": 0.0
      }
    },
    "tax": {
      "classification": {
        "accuracy": 0.83125,
        "precision": 0.9701492537313433,
        "recall": 0.8496732026143791,
        "f1": 0.9059233449477352,
        "confusion_matrix": [
          [
            3,
            4
          ],
          [
            23,
            130
          ]
        ]
      },
      "early_detection": {
        "total_fraud_cases": 153,
        "detected_fraud_cases": 135,
        "early_detected_cases": 58,
        "early_detection_rate": 37.908496732026144,
        "mean_detection_time": 55.71925925925926,
        "median_detection_time": 40.0,
        "mean_detection_latency": 17.058444444444444,
        "median_detection_latency": 5.0
      }
    },
    "unknown": {
      "classification": {
        "accuracy": 0.7071428571428572,
        "precision": 0.9690721649484536,
        "recall": 0.7121212121212122,
        "f1": 0.8209606986899564,
        "confusion_matrix": [
          [
            5,
            3
          ],
          [
            38,
            94
          ]
        ]
      },
      "early_detection": {
        "total_fraud_cases": 132,
        "detected_fraud_cases": 107,
        "early_detected_cases": 56,
        "early_detection_rate": 42.42424242424242,
        "mean_detection_time": 66.94859813084112,
        "median_detection_time": 60.0,
        "mean_detection_latency": 4.924299065420561,
        "median_detection_latency": -5.0
      }
    }
  },
  "comparison": {
    "2a_in_domain_f1": 98.45,
    "2a_cross_domain_f1": 92.97,
    "2b_in_domain_f1": 95.59,
    "2b_cross_domain_f1": 88.56004553215709,
    "generalization_gap_2b": -7.029954467842913,
    "delta_vs_2a_cross": -4.409954467842908
  },
  "total_samples": 1000
}